User,D74FF0EE8DA3B9806B18C877DBF29BBDE50B5BD8E4DAD7A3A725000FEB82E8F1,9
User3,D74FF0EE8DA3B9806B18C877DBF29BBDE50B5BD8E4DAD7A3A725000FEB82E8F1,0
User2,D74FF0EE8DA3B9806B18C877DBF29BBDE50B5BD8E4DAD7A3A725000FEB82E8F1,1
User7,D74FF0EE8DA3B9806B18C877DBF29BBDE50B5BD8E4DAD7A3A725000FEB82E8F1,0
User6,D74FF0EE8DA3B9806B18C877DBF29BBDE50B5BD8E4DAD7A3A725000FEB82E8F1,0
User10,D74FF0EE8DA3B9806B18C877DBF29BBDE50B5BD8E4DAD7A3A725000FEB82E8F1,0
User5,D74FF0EE8DA3B9806B18C877DBF29BBDE50B5BD8E4DAD7A3A725000FEB82E8F1,0
User11,D74FF0EE8DA3B9806B18C877DBF29BBDE50B5BD8E4DAD7A3A725000FEB82E8F1,4
User4,D74FF0EE8DA3B9806B18C877DBF29BBDE50B5BD8E4DAD7A3A725000FEB82E8F1,0
User9,D74FF0EE8DA3B9806B18C877DBF29BBDE50B5BD8E4DAD7A3A725000FEB82E8F1,0
User8,D74FF0EE8DA3B9806B18C877DBF29BBDE50B5BD8E4DAD7A3A725000FEB82E8F1,0
